# 100-row sample of RT_IOT2022.csv (RT-IoT2022, UCI).
,id.orig_p,id.resp_p,proto,service,flow_duration,fwd_pkts_tot,bwd_pkts_tot,fwd_data_pkts_tot,bwd_data_pkts_tot,fwd_pkts_per_sec,bwd_pkts_per_sec,flow_pkts_per_sec,down_up_ratio,fwd_header_size_tot,fwd_header_size_min,fwd_header_size_max,bwd_header_size_tot,bwd_header_size_min,bwd_header_size_max,flow_FIN_flag_count,flow_SYN_flag_count,flow_RST_flag_count,fwd_PSH_flag_count,bwd_PSH_flag_count,flow_ACK_flag_count,fwd_URG_flag_count,bwd_URG_flag_count,flow_CWR_flag_count,flow_ECE_flag_count,fwd_pkts_payload.min,fwd_pkts_payload.max,fwd_pkts_payload.tot,fwd_pkts_payload.avg,fwd_pkts_payload.std,bwd_pkts_payload.min,bwd_pkts_payload.max,bwd_pkts_payload.tot,bwd_pkts_payload.avg,bwd_pkts_payload.std,flow_pkts_payload.min,flow_pkts_payload.max,flow_pkts_payload.tot,flow_pkts_payload.avg,flow_pkts_payload.std,fwd_iat.min,fwd_iat.max,fwd_iat.tot,fwd_iat.avg,fwd_iat.std,bwd_iat.min,bwd_iat.max,bwd_iat.tot,bwd_iat.avg,bwd_iat.std,flow_iat.min,flow_iat.max,flow_iat.tot,flow_iat.avg,flow_iat.std,payload_bytes_per_second,fwd_subflow_pkts,bwd_subflow_pkts,fwd_subflow_bytes,bwd_subflow_bytes,fwd_bulk_bytes,bwd_bulk_bytes,fwd_bulk_packets,bwd_bulk_packets,fwd_bulk_rate,bwd_bulk_rate,active.min,active.max,active.tot,active.avg,active.std,idle.min,idle.max,idle.tot,idle.avg,idle.std,fwd_init_window_size,bwd_init_window_size,fwd_last_window_size,Attack_type
0,38667,1883,tcp,mqtt,32.011598,9,5,3,3,0.281148,0.156193,0.437341,0.555556,296,32,40,168,32,40,0,2,1,3,3,13,0,0,0,0,0.0,33.0,76.0,8.444444,13.115935999999998,0.0,23.0,32.0,6.4,9.555103,0.0,33.0,108.0,7.714286,11.618477,761.985779,29729182.958603,32011597.87178,4001449.733973,10403073.630178,4438.877106,1511693.954468,2026391.0293580003,506597.75733900006,680406.147126,761.985779,29729182.958603,32011597.87178,2462430.605522,8199746.707142998,3.373777,3.0,1.666667,25.333333,10.666667,0.0,0.0,0.0,0.0,0.0,0.0,2282414.913177,2282414.913177,2282414.913177,2282414.913177,0.0,29729182.958603,29729182.958603,29729182.958603,29729182.958603,0.0,64240,26847,502,MQTT_Publish
1,51143,1883,tcp,mqtt,31.883584000000006,9,5,3,3,0.282277,0.15682100000000002,0.439097,0.555556,296,32,40,168,32,40,0,2,1,3,3,13,0,0,0,0,0.0,33.0,76.0,8.444444,13.115935999999998,0.0,23.0,32.0,6.4,9.555103,0.0,33.0,108.0,7.714286,11.618477,247.001648,29855277.061462,31883584.022522,3985448.002815,10463455.560613,4214.048386,1576435.804367,1876260.995865,469065.248966,741351.686212,247.001648,29855277.061462,31883584.022522,2452583.386348,8242459.024786,3.3873230000000003,3.0,1.666667,25.333333,10.666667,0.0,0.0,0.0,0.0,0.0,0.0,2028306.96106,2028306.96106,2028306.96106,2028306.96106,0.0,29855277.061462,29855277.061462,29855277.061462,29855277.061462,0.0,64240,26847,502,MQTT_Publish
2,44761,1883,tcp,mqtt,32.124053,9,5,3,3,0.280164,0.155647,0.435811,0.555556,296,32,40,168,32,40,0,2,1,3,3,13,0,0,0,0,0.0,33.0,74.0,8.222222,12.852799,0.0,21.0,30.0,6.0,8.689074,0.0,33.0,104.0,7.428571000000002,11.229866,283.956528,29842149.019241,32124053.001404,4015506.625175,10442377.920997,2456.903458,1476048.946381,2013769.865036,503442.466259,660344.3600270001,283.956528,29842149.019241,32124053.001404,2471081.0001080004,8230592.556842999,3.23745,3.0,1.666667,24.666667,10.0,0.0,0.0,0.0,0.0,0.0,0.0,2281903.982162,2281903.982162,2281903.982162,2281903.982162,0.0,29842149.019241,29842149.019241,29842149.019241,29842149.019241,0.0,64240,26847,502,MQTT_Publish
3,60893,1883,tcp,mqtt,31.961063,9,5,3,3,0.281593,0.15644,0.438033,0.555556,296,32,40,168,32,40,0,2,1,3,3,13,0,0,0,0,0.0,33.0,74.0,8.222222,12.852799,0.0,21.0,30.0,6.0,8.689074,0.0,33.0,104.0,7.428571000000002,11.229866,288.963318,29913774.967194,31961063.146591,3995132.893324,10482528.222589,3933.906555,1551892.04216,1883784.05571,470946.01392700005,724569.317911,288.963318,29913774.967194,31961063.146591,2458543.318969,8257786.423083999,3.253959,3.0,1.666667,24.666667,10.0,0.0,0.0,0.0,0.0,0.0,0.0,2047288.179398,2047288.179398,2047288.179398,2047288.179398,0.0,29913774.967194,29913774.967194,29913774.967194,29913774.967194,0.0,64240,26847,502,MQTT_Publish
4,51087,1883,tcp,mqtt,31.902362,9,5,3,3,0.282111,0.156728,0.438839,0.555556,296,32,40,168,32,40,0,2,1,3,3,13,0,0,0,0,0.0,33.0,76.0,8.444444,13.115935999999998,0.0,23.0,32.0,6.4,9.555103,0.0,33.0,108.0,7.714286,11.618477,387.907028,29814704.89502,31902361.869812,3987795.233727,10447019.098718,3005.027771,1632083.177567,1935984.134674,483996.033669,768543.3903130002,387.907028,29814704.89502,31902361.869812,2454027.836139,8230583.826551,3.385329,3.0,1.666667,25.333333,10.666667,0.0,0.0,0.0,0.0,0.0,0.0,2087656.974792,2087656.974792,2087656.974792,2087656.974792,0.0,29814704.89502,29814704.89502,29814704.89502,29814704.89502,0.0,64240,26847,502,MQTT_Publish
5,48579,1883,tcp,mqtt,31.869686,9,5,3,3,0.2824,0.156889,0.439289,0.555556,296,32,40,168,32,40,0,2,1,3,3,13,0,0,0,0,0.0,33.0,76.0,8.444444,13.115935999999998,0.0,23.0,32.0,6.4,9.555103,0.0,33.0,108.0,7.714286,11.618477,392.913818,29825548.171997,31869686.126709007,3983710.765839,10451334.018163,7521.152496,1547556.877136,1879539.9665830003,469884.991646,722156.356697,392.913818,29825548.171997,31869686.126709007,2451514.317439,8233270.044544,3.3888,3.0,1.666667,25.333333,10.666667,0.0,0.0,0.0,0.0,0.0,0.0,2044137.954712,2044137.954712,2044137.954712,2044137.954712,0.0,29825548.171997,29825548.171997,29825548.171997,29825548.171997,0.0,64240,26847,502,MQTT_Publish
6,54063,1883,tcp,mqtt,32.094711,9,5,3,3,0.28042,0.155789,0.436209,0.555556,296,32,40,168,32,40,0,2,1,3,3,13,0,0,0,0,0.0,33.0,76.0,8.444444,13.115935999999998,0.0,23.0,32.0,6.4,9.555103,0.0,33.0,108.0,7.714286,11.618477,385.046005,29823416.948318,32094711.065292,4011838.883162,10436858.369484,3123.998642,1503982.067108,2014587.163925,503646.79098100006,677274.727026,385.046005,29823416.948318,32094711.065292,2468823.9280990004,8226046.451847998,3.36504,3.0,1.666667,25.333333,10.666667,0.0,0.0,0.0,0.0,0.0,0.0,2271294.1169740004,2271294.1169740004,2271294.1169740004,2271294.1169740004,0.0,29823416.948318,29823416.948318,29823416.948318,29823416.948318,0.0,64240,26847,502,MQTT_Publish
7,33457,1883,tcp,mqtt,32.104011,9,5,3,3,0.280339,0.155744,0.436083,0.555556,296,32,40,168,32,40,0,2,1,3,3,13,0,0,0,0,0.0,33.0,76.0,8.444444,13.115935999999998,0.0,23.0,32.0,6.4,9.555103,0.0,33.0,108.0,7.714286,11.618477,298.023224,29795433.044434004,32104011.058807,4013001.382351,10425103.716337,2321.004868,1516274.929047,2045275.92659,511318.981647,681176.138394,275.13504,29795433.044434004,32104011.058807,2469539.312216,8217494.471107,3.364066,3.0,1.666667,25.333333,10.666667,0.0,0.0,0.0,0.0,0.0,0.0,2308578.014374,2308578.014374,2308578.014374,2308578.014374,0.0,29795433.044434004,29795433.044434004,29795433.044434004,29795433.044434004,0.0,64240,26847,502,MQTT_Publish
8,52181,1883,tcp,mqtt,32.026967,9,5,3,3,0.281013,0.156118,0.437132,0.555556,296,32,40,168,32,40,0,2,1,3,3,13,0,0,0,0,0.0,33.0,76.0,8.444444,13.115935999999998,0.0,23.0,32.0,6.4,9.555103,0.0,33.0,108.0,7.714286,11.618477,369.07196,29661617.040634006,32026967.048645,4003370.881081,10374502.505825,2197.980881,1521419.048309,2017971.038818,504492.759705,687716.529185,84.16175799999998,29661617.040634006,32026967.048645,2463612.849896,8178452.378739,3.372158,3.0,1.666667,25.333333,10.666667,0.0,0.0,0.0,0.0,0.0,0.0,2365350.008011,2365350.008011,2365350.008011,2365350.008011,0.0,29661617.040634006,29661617.040634006,29661617.040634006,29661617.040634006,0.0,64240,26847,502,MQTT_Publish
9,53469,1883,tcp,mqtt,32.048637,9,5,3,3,0.280823,0.156013,0.436836,0.555556,296,32,40,168,32,40,0,2,1,3,3,13,0,0,0,0,0.0,33.0,76.0,8.444444,13.115935999999998,0.0,23.0,32.0,6.4,9.555103,0.0,33.0,108.0,7.714286,11.618477,379.8007970000001,29778450.965881,32048636.9133,4006079.614162,10421188.193847,4297.018051,1512697.935104,2018292.9039,504573.225975,682043.677238,379.8007970000001,29778450.965881,32048636.9133,2465279.762562,8213733.679088,3.369878,3.0,1.666667,25.333333,10.666667,0.0,0.0,0.0,0.0,0.0,0.0,2270185.947418,2270185.947418,2270185.947418,2270185.947418,0.0,29778450.965881,29778450.965881,29778450.965881,29778450.965881,0.0,64240,26847,502,MQTT_Publish
10,54153,1883,tcp,mqtt,31.977057,9,5,3,3,0.281452,0.156362,0.437814,0.555556,296,32,40,168,32,40,0,2,1,3,3,13,0,0,0,0,0.0,33.0,76.0,8.444444,13.115935999999998,0.0,23.0,32.0,6.4,9.555103,0.0,33.0,108.0,7.714286,11.618477,370.025635,29870183.944702003,31977056.980133,3997132.122517,10463622.957275,4048.109055,1531517.982483,1935832.977295,483958.244324,704840.3201,370.025635,29870183.944702003,31977056.980133,2459773.6138560004,8243924.899595,3.377422,3.0,1.666667,25.333333,10.666667,0.0,0.0,0.0,0.0,0.0,0.0,2106873.035431,2106873.035431,2106873.035431,2106873.035431,0.0,29870183.944702003,29870183.944702003,29870183.944702003,29870183.944702003,0.0,64240,26847,502,MQTT_Publish
11,39671,1883,tcp,mqtt,31.962308,9,5,3,3,0.281582,0.156434,0.438016,0.555556,296,32,40,168,32,40,0,2,1,3,3,13,0,0,0,0,0.0,33.0,75.0,8.333333,12.980755,0.0,22.0,31.0,6.2,9.121403,0.0,33.0,106.0,7.571428999999998,11.420052,303.983688,29819482.088089,31962307.929993,3995288.491249,10445280.460627,585.0791929999998,1632438.898087,1972353.935242,493088.48381000006,763738.982748,303.983688,29819482.088089,31962307.929993,2458639.071538,8230226.100583,3.316406,3.0,1.666667,25.0,10.333333,0.0,0.0,0.0,0.0,0.0,0.0,2142825.841904,2142825.841904,2142825.841904,2142825.841904,0.0,29819482.088089,29819482.088089,29819482.088089,29819482.088089,0.0,64240,26847,502,MQTT_Publish
12,44225,1883,tcp,mqtt,31.965302,9,5,3,3,0.281555,0.15642,0.437975,0.555556,296,32,40,168,32,40,0,2,1,3,3,13,0,0,0,0,0.0,33.0,75.0,8.333333,12.980755,0.0,22.0,31.0,6.2,9.121403,0.0,33.0,106.0,7.571428999999998,11.420052,486.135483,29747197.86644,31965301.990509003,3995662.748814,10412347.012165,1345.872879,1473724.842072,1970876.932144,492719.233036,664251.39196,477.075577,29747197.86644,31965301.990509003,2458869.383885,8205888.669842,3.316096,3.0,1.666667,25.0,10.333333,0.0,0.0,0.0,0.0,0.0,0.0,2218104.124069,2218104.124069,2218104.124069,2218104.124069,0.0,29747197.86644,29747197.86644,29747197.86644,29747197.86644,0.0,64240,26847,502,MQTT_Publish
13,51495,1883,tcp,mqtt,31.885127,9,5,3,3,0.282263,0.156813,0.439076,0.555556,296,32,40,168,32,40,0,2,1,3,3,13,0,0,0,0,0.0,33.0,76.0,8.444444,13.115935999999998,0.0,23.0,32.0,6.4,9.555103,0.0,33.0,108.0,7.714286,11.618477,238.895416,29850662.946701,31885126.829147,3985640.853643,10461021.44371,4714.96582,1554455.041885,1874030.828476,468507.707119,727552.645404,238.895416,29850662.946701,31885126.829147,2452702.063781,8240679.8561229985,3.387159,3.0,1.666667,25.333333,10.666667,0.0,0.0,0.0,0.0,0.0,0.0,2034463.882446,2034463.882446,2034463.882446,2034463.882446,0.0,29850662.946701,29850662.946701,29850662.946701,29850662.946701,0.0,64240,26847,502,MQTT_Publish
14,42037,1883,tcp,mqtt,31.926578000000006,9,5,3,3,0.28189699999999995,0.156609,0.4385060000000001,0.555556,296,32,40,168,32,40,0,2,1,3,3,13,0,0,0,0,0.0,33.0,76.0,8.444444,13.115935999999998,0.0,23.0,32.0,6.4,9.555103,0.0,33.0,108.0,7.714286,11.618477,259.876251,29860140.08522,31926578.044891,3990822.255611,10463342.978046,3987.073898,1591047.048569,1911670.923233,477917.730808,745645.049217,259.876251,29860140.08522,31926578.044891,2455890.618838,8243046.187410002,3.382762,3.0,1.666667,25.333333,10.666667,0.0,0.0,0.0,0.0,0.0,0.0,2066437.959671,2066437.959671,2066437.959671,2066437.959671,0.0,29860140.08522,29860140.08522,29860140.08522,29860140.08522,0.0,64240,26847,502,MQTT_Publish
15,36349,1883,tcp,mqtt,32.061415999999994,9,5,3,3,0.280711,0.155951,0.436662,0.555556,296,32,40,168,32,40,0,2,1,3,3,13,0,0,0,0,0.0,33.0,76.0,8.444444,13.115935999999998,0.0,23.0,32.0,6.4,9.555103,0.0,33.0,108.0,7.714286,11.618477,427.007675,29770004.034042,32061415.910721004,4007676.98884,10417433.918262,2538.919449,1535463.809967,2039724.826813,509931.206703,693638.2215430001,427.007675,29770004.034042,32061415.910721004,2466262.7623630003,8211154.556885,3.368535,3.0,1.666667,25.333333,10.666667,0.0,0.0,0.0,0.0,0.0,0.0,2291411.876678,2291411.876678,2291411.876678,2291411.876678,0.0,29770004.034042,29770004.034042,29770004.034042,29770004.034042,0.0,64240,26847,502,MQTT_Publish
16,39763,1883,tcp,mqtt,32.025109,9,5,3,3,0.281029,0.156127,0.437157,0.555556,296,32,40,168,32,40,0,2,1,3,3,13,0,0,0,0,0.0,33.0,76.0,8.444444,13.115935999999998,0.0,23.0,32.0,6.4,9.555103,0.0,33.0,108.0,7.714286,11.618477,276.088715,29775004.863739,32025109.052658007,4003138.631582,10420872.468228,1486.063004,1501589.05983,2001105.070114,500276.267529,677663.498685,276.088715,29775004.863739,32025109.052658007,2463469.927128,8213131.519006,3.372354,3.0,1.666667,25.333333,10.666667,0.0,0.0,0.0,0.0,0.0,0.0,2250104.188919,2250104.188919,2250104.188919,2250104.188919,0.0,29775004.863739,29775004.863739,29775004.863739,29775004.863739,0.0,64240,26847,502,MQTT_Publish
17,57501,1883,tcp,mqtt,31.908247,9,5,3,3,0.282059,0.156699,0.438758,0.555556,296,32,40,168,32,40,0,2,1,3,3,13,0,0,0,0,0.0,33.0,76.0,8.444444,13.115935999999998,0.0,23.0,32.0,6.4,9.555103,0.0,33.0,108.0,7.714286,11.618477,241.041183,29875375.032425,31908246.994019,3988530.874252,10469456.785648,72.002411,1526152.133942,1879341.125488,469835.281372,709137.861887,72.002411,29875375.032425,31908246.994019,2454480.538001,8247287.855682,3.3847050000000003,3.0,1.666667,25.333333,10.666667,0.0,0.0,0.0,0.0,0.0,0.0,2032871.961594,2032871.961594,2032871.961594,2032871.961594,0.0,29875375.032425,29875375.032425,29875375.032425,29875375.032425,0.0,64240,26847,502,MQTT_Publish
18,56117,1883,tcp,mqtt,32.009238,9,5,3,3,0.281169,0.15620499999999998,0.437374,0.555556,296,32,40,168,32,40,0,2,1,3,3,13,0,0,0,0,0.0,33.0,76.0,8.444444,13.115935999999998,0.0,23.0,32.0,6.4,9.555103,0.0,33.0,108.0,7.714286,11.618477,264.883041,29776599.168777,32009238.004684,4001154.750586,10421987.296368,1842.021942,1477566.003799,1981250.047684,495312.511921,665279.373555,211.954117,29776599.168777,32009238.004684,2462249.077283,8213710.270816999,3.374026,3.0,1.666667,25.333333,10.666667,0.0,0.0,0.0,0.0,0.0,0.0,2232638.835907,2232638.835907,2232638.835907,2232638.835907,0.0,29776599.168777,29776599.168777,29776599.168777,29776599.168777,0.0,64240,26847,502,MQTT_Publish
19,44927,1883,tcp,mqtt,31.930485,9,5,3,3,0.281862,0.15659,0.4384520000000001,0.555556,296,32,40,168,32,40,0,2,1,3,3,13,0,0,0,0,0.0,33.0,76.0,8.444444,13.115935999999998,0.0,23.0,32.0,6.4,9.555103,0.0,33.0,108.0,7.714286,11.618477,247.001648,29892142.057419,31930485.010147,3991310.626268,10475734.717297,385.99968,1570163.965225,1879291.057587,469822.764397,737144.643623,247.001648,29892142.057419,31930485.010147,2456191.154627,8252281.977232001,3.3823480000000004,3.0,1.666667,25.333333,10.666667,0.0,0.0,0.0,0.0,0.0,0.0,2038342.952728,2038342.952728,2038342.952728,2038342.952728,0.0,29892142.057419,29892142.057419,29892142.057419,29892142.057419,0.0,64240,26847,502,MQTT_Publish
20,36375,1883,tcp,mqtt,32.048572,9,5,3,3,0.280824,0.156013,0.436837,0.555556,296,32,40,168,32,40,0,2,1,3,3,13,0,0,0,0,0.0,33.0,76.0,8.444444,13.115935999999998,0.0,23.0,32.0,6.4,9.555103,0.0,33.0,108.0,7.714286,11.618477,252.962112,29772324.085236,32048572.063446004,4006071.507931,10418312.602478,3123.998642,1491372.823715,2015923.023224,503980.755806,669369.523269,252.962112,29772324.085236,32048572.063446004,2465274.774111,8211599.2230199985,3.369885,3.0,1.666667,25.333333,10.666667,0.0,0.0,0.0,0.0,0.0,0.0,2276247.97821,2276247.97821,2276247.97821,2276247.97821,0.0,29772324.085236,29772324.085236,29772324.085236,29772324.085236,0.0,64240,26847,502,MQTT_Publish
21,42381,1883,tcp,mqtt,32.054278000000004,9,5,3,3,0.280774,0.15598499999999998,0.436759,0.555556,296,32,40,168,32,40,0,2,1,3,3,13,0,0,0,0,0.0,33.0,76.0,8.444444,13.115935999999998,0.0,23.0,32.0,6.4,9.555103,0.0,33.0,108.0,7.714286,11.618477,385.046005,29765208.959579,32054278.1353,4006784.766912,10415804.227115,1689.910889,1529726.028442,2037487.030029,509371.757507,690478.694244,201.940536,29765208.959579,32054278.1353,2465713.702715,8209837.130816,3.369285,3.0,1.666667,25.333333,10.666667,0.0,0.0,0.0,0.0,0.0,0.0,2289069.17572,2289069.17572,2289069.17572,2289069.17572,0.0,29765208.959579,29765208.959579,29765208.959579,29765208.959579,0.0,64240,26847,502,MQTT_Publish
22,58171,1883,tcp,mqtt,31.927022,9,5,3,3,0.281893,0.156607,0.4385,0.555556,296,32,40,168,32,40,0,2,1,3,3,13,0,0,0,0,0.0,33.0,76.0,8.444444,13.115935999999998,0.0,23.0,32.0,6.4,9.555103,0.0,33.0,108.0,7.714286,11.618477,360.012054,29867868.900299,31927021.980286,3990877.747536,10466773.948203,3875.97084,1607313.156128,1912189.006805,478047.251701,756011.389737,360.012054,29867868.900299,31927021.980286,2455924.767714,8245594.153646002,3.382714,3.0,1.666667,25.333333,10.666667,0.0,0.0,0.0,0.0,0.0,0.0,2059153.079987,2059153.079987,2059153.079987,2059153.079987,0.0,29867868.900299,29867868.900299,29867868.900299,29867868.900299,0.0,64240,26847,502,MQTT_Publish
23,39989,1883,tcp,mqtt,32.038423,9,5,3,3,0.280913,0.156063,0.436975,0.555556,296,32,40,168,32,40,0,2,1,3,3,13,0,0,0,0,0.0,33.0,76.0,8.444444,13.115935999999998,0.0,23.0,32.0,6.4,9.555103,0.0,33.0,108.0,7.714286,11.618477,236.034393,29697514.057159007,32038423.061371,4004802.882671,10387554.456182,2219.91539,1450160.980225,2013978.95813,503494.739532,644809.796998,236.034393,29697514.057159007,32038423.061371,2464494.081644,8188244.020619,3.3709519999999995,3.0,1.666667,25.333333,10.666667,0.0,0.0,0.0,0.0,0.0,0.0,2340909.004211,2340909.004211,2340909.004211,2340909.004211,0.0,29697514.057159007,29697514.057159007,29697514.057159007,29697514.057159007,0.0,64240,26847,502,MQTT_Publish
24,54593,1883,tcp,mqtt,31.969466,9,5,3,3,0.281519,0.156399,0.437918,0.555556,296,32,40,168,32,40,0,2,1,3,3,13,0,0,0,0,0.0,33.0,76.0,8.444444,13.115935999999998,0.0,23.0,32.0,6.4,9.555103,0.0,33.0,108.0,7.714286,11.618477,429.153442,29937090.158463,31969465.970993,3996183.246374,10491781.182046,3882.884979,1557668.924332,1873686.075211,468421.518803,729700.1591020002,429.153442,29937090.158463,31969465.970993,2459189.690076,8264768.818174001,3.378223,3.0,1.666667,25.333333,10.666667,0.0,0.0,0.0,0.0,0.0,0.0,2032375.812531,2032375.812531,2032375.812531,2032375.812531,0.0,29937090.158463,29937090.158463,29937090.158463,29937090.158463,0.0,64240,26847,502,MQTT_Publish
25,52085,1883,tcp,mqtt,31.950179,9,5,3,3,0.281689,0.156494,0.438182,0.555556,296,32,40,168,32,40,0,2,1,3,3,13,0,0,0,0,0.0,33.0,76.0,8.444444,13.115935999999998,0.0,23.0,32.0,6.4,9.555103,0.0,33.0,108.0,7.714286,11.618477,264.883041,29873291.015625,31950179.100037,3993772.3875050005,10468254.720043,3737.926483,1635040.998459,1930577.993393,482644.498348,771183.014366,264.883041,29873291.015625,31950179.100037,2457706.084618,8247047.878589,3.380263,3.0,1.666667,25.333333,10.666667,0.0,0.0,0.0,0.0,0.0,0.0,2076888.084412,2076888.084412,2076888.084412,2076888.084412,0.0,29873291.015625,29873291.015625,29873291.015625,29873291.015625,0.0,64240,26847,502,MQTT_Publish
26,41525,1883,tcp,mqtt,32.047288,9,5,3,3,0.280835,0.15601900000000002,0.436854,0.555556,296,32,40,168,32,40,0,2,1,3,3,13,0,0,0,0,0.0,33.0,76.0,8.444444,13.115935999999998,0.0,23.0,32.0,6.4,9.555103,0.0,33.0,108.0,7.714286,11.618477,304.222107,29746104.001999,32047288.179398,4005911.022425,10408143.167001,1923.799515,1518990.9935,2042068.004608,510517.001152,683283.534838,77.009201,29746104.001999,32047288.179398,2465176.0138,8204056.271833,3.37002,3.0,1.666667,25.333333,10.666667,0.0,0.0,0.0,0.0,0.0,0.0,2301184.177399,2301184.177399,2301184.177399,2301184.177399,0.0,29746104.001999,29746104.001999,29746104.001999,29746104.001999,0.0,64240,26847,502,MQTT_Publish
27,37425,1883,tcp,mqtt,31.911588,9,5,3,3,0.282029,0.156683,0.438712,0.555556,296,32,40,168,32,40,0,2,1,3,3,13,0,0,0,0,0.0,33.0,76.0,8.444444,13.115935999999998,0.0,23.0,32.0,6.4,9.555103,0.0,33.0,108.0,7.714286,11.618477,262.97569300000004,29878719.091415007,31911588.191986,3988948.523998,10471047.445881,3703.117371,1555716.991425,1875246.047974,468811.51199300005,728242.951278,262.97569300000004,29878719.091415007,31911588.191986,2454737.55323,8248516.01011,3.384351,3.0,1.666667,25.333333,10.666667,0.0,0.0,0.0,0.0,0.0,0.0,2032869.100571,2032869.100571,2032869.100571,2032869.100571,0.0,29878719.091415007,29878719.091415007,29878719.091415007,29878719.091415007,0.0,64240,26847,502,MQTT_Publish
28,43009,1883,tcp,mqtt,32.09472,9,5,3,3,0.28042,0.155789,0.436209,0.555556,296,32,40,168,32,40,0,2,1,3,3,13,0,0,0,0,0.0,33.0,76.0,8.444444,13.115935999999998,0.0,23.0,32.0,6.4,9.555103,0.0,33.0,108.0,7.714286,11.618477,442.028046,29794428.110123,32094720.125198,4011840.01565,10425273.562579,2104.997635,1519521.951675,2040887.117386,510221.779346,683731.762428,395.059586,29794428.110123,32094720.125198,2468824.6250150003,8217477.412405,3.365039,3.0,1.666667,25.333333,10.666667,0.0,0.0,0.0,0.0,0.0,0.0,2300292.015076,2300292.015076,2300292.015076,2300292.015076,0.0,29794428.110123,29794428.110123,29794428.110123,29794428.110123,0.0,64240,26847,502,MQTT_Publish
29,41337,1883,tcp,mqtt,32.098929,9,5,3,3,0.280383,0.15576800000000002,0.436152,0.555556,296,32,40,168,32,40,0,2,1,3,3,13,0,0,0,0,0.0,33.0,76.0,8.444444,13.115935999999998,0.0,23.0,32.0,6.4,9.555103,0.0,33.0,108.0,7.714286,11.618477,236.034393,29802947.044373,32098929.166794,4012366.145849,10428608.932638,2846.002579,1524214.029312,2039545.059204,509886.264801,686689.922885,236.034393,29802947.044373,32098929.166794,2469148.397446,8220006.295908,3.3645980000000004,3.0,1.666667,25.333333,10.666667,0.0,0.0,0.0,0.0,0.0,0.0,2295982.122421,2295982.122421,2295982.122421,2295982.122421,0.0,29802947.044373,29802947.044373,29802947.044373,29802947.044373,0.0,64240,26847,502,MQTT_Publish
30,46569,1883,tcp,mqtt,32.09268,9,5,3,3,0.280438,0.155799,0.436237,0.555556,296,32,40,168,32,40,0,2,1,3,3,13,0,0,0,0,0.0,33.0,74.0,8.222222,12.852799,0.0,21.0,30.0,6.0,8.689074,0.0,33.0,104.0,7.428571000000002,11.229866,257.015228,29799875.974655,32092679.977417,4011584.997177,10427971.804593,4189.014435,1538527.0118709996,2044553.995132,511138.498783,694732.030067,257.015228,29799875.974655,32092679.977417,2468667.690571,8219443.41627,3.240614,3.0,1.666667,24.666667,10.0,0.0,0.0,0.0,0.0,0.0,0.0,2292804.002762,2292804.002762,2292804.002762,2292804.002762,0.0,29799875.974655,29799875.974655,29799875.974655,29799875.974655,0.0,64240,26847,502,MQTT_Publish
31,46467,1883,tcp,mqtt,32.064581,9,5,3,3,0.280684,0.155935,0.436619,0.555556,296,32,40,168,32,40,0,2,1,3,3,13,0,0,0,0,0.0,33.0,76.0,8.444444,13.115935999999998,0.0,23.0,32.0,6.4,9.555103,0.0,33.0,108.0,7.714286,11.618477,246.047974,29783406.972885,32064581.155777004,4008072.644472,10422020.585082,1680.135727,1495639.08577,2019788.980484,504947.245121,671699.2375729999,246.047974,29783406.972885,32064581.155777004,2466506.242752,8214598.7727649985,3.368202,3.0,1.666667,25.333333,10.666667,0.0,0.0,0.0,0.0,0.0,0.0,2281174.182892,2281174.182892,2281174.182892,2281174.182892,0.0,29783406.972885,29783406.972885,29783406.972885,29783406.972885,0.0,64240,26847,502,MQTT_Publish
32,33649,1883,tcp,mqtt,32.083967,9,5,3,3,0.280514,0.155841,0.436355,0.555556,296,32,40,168,32,40,0,2,1,3,3,13,0,0,0,0,0.0,33.0,76.0,8.444444,13.115935999999998,0.0,23.0,32.0,6.4,9.555103,0.0,33.0,108.0,7.714286,11.618477,275.850296,29791519.165039007,32083966.970444,4010495.8713050005,10425046.608618,2714.8723600000008,1541059.970856,2042721.986771,510680.496693,696699.142162,275.850296,29791519.165039007,32083966.970444,2467997.459265,8217134.293426,3.366167,3.0,1.666667,25.333333,10.666667,0.0,0.0,0.0,0.0,0.0,0.0,2292447.805405,2292447.805405,2292447.805405,2292447.805405,0.0,29791519.165039007,29791519.165039007,29791519.165039007,29791519.165039007,0.0,64240,26847,502,MQTT_Publish
33,35111,1883,tcp,mqtt,31.968878000000004,9,5,3,3,0.281524,0.156402,0.437926,0.555556,296,32,40,168,32,40,0,2,1,3,3,13,0,0,0,0,0.0,33.0,76.0,8.444444,13.115935999999998,0.0,23.0,32.0,6.4,9.555103,0.0,33.0,108.0,7.714286,11.618477,233.888626,29870038.032532,31968878.030777004,3996109.753847,10464997.844039,4876.13678,1592236.0420229996,1928406.000137,482101.500034,744008.419463,233.888626,29870038.032532,31968878.030777004,2459144.4639060004,8244926.874026,3.378286,3.0,1.666667,25.333333,10.666667,0.0,0.0,0.0,0.0,0.0,0.0,2098839.998245,2098839.998245,2098839.998245,2098839.998245,0.0,29870038.032532,29870038.032532,29870038.032532,29870038.032532,0.0,64240,26847,502,MQTT_Publish
34,52071,1883,tcp,mqtt,31.922717,9,5,3,3,0.281931,0.156628,0.438559,0.555556,296,32,40,168,32,40,0,2,1,3,3,13,0,0,0,0,0.0,33.0,76.0,8.444444,13.115935999999998,0.0,23.0,32.0,6.4,9.555103,0.0,33.0,108.0,7.714286,11.618477,258.922577,29889089.107513,31922717.094421007,3990339.636803,10475357.447129,8301.019669,1588390.1119229996,1888382.911682,472095.727921,747017.754795,258.922577,29889089.107513,31922717.094421007,2455593.622648,8251883.156677,3.383171,3.0,1.666667,25.333333,10.666667,0.0,0.0,0.0,0.0,0.0,0.0,2033627.986908,2033627.986908,2033627.986908,2033627.986908,0.0,29889089.107513,29889089.107513,29889089.107513,29889089.107513,0.0,64240,26847,502,MQTT_Publish
35,60995,1883,tcp,mqtt,32.052456,9,5,3,3,0.28079,0.155994,0.436784,0.555556,296,32,40,168,32,40,0,2,1,3,3,13,0,0,0,0,0.0,33.0,76.0,8.444444,13.115935999999998,0.0,23.0,32.0,6.4,9.555103,0.0,33.0,108.0,7.714286,11.618477,240.802765,29787029.981613,32052455.9021,4006556.987762,10424540.500337,2333.164215,1515519.857407,2015694.856644,503923.714161,684342.5847359999,240.802765,29787029.981613,32052455.9021,2465573.530931,8216274.1199710015,3.369477,3.0,1.666667,25.333333,10.666667,0.0,0.0,0.0,0.0,0.0,0.0,2265425.920486,2265425.920486,2265425.920486,2265425.920486,0.0,29787029.981613,29787029.981613,29787029.981613,29787029.981613,0.0,64240,26847,502,MQTT_Publish
36,50751,1883,tcp,mqtt,31.897988,9,5,3,3,0.282149,0.15675,0.438899,0.555556,296,32,40,168,32,40,0,2,1,3,3,13,0,0,0,0,0.0,33.0,76.0,8.444444,13.115935999999998,0.0,23.0,32.0,6.4,9.555103,0.0,33.0,108.0,7.714286,11.618477,250.816345,29863275.051117,31897988.080978,3987248.510122,10465837.341214,3068.208694,1571888.923645,1878892.89856,469723.22464,738122.185334,250.816345,29863275.051117,31897988.080978,2453691.390844,8244449.142099,3.385793,3.0,1.666667,25.333333,10.666667,0.0,0.0,0.0,0.0,0.0,0.0,2034713.029861,2034713.029861,2034713.029861,2034713.029861,0.0,29863275.051117,29863275.051117,29863275.051117,29863275.051117,0.0,64240,26847,502,MQTT_Publish
37,38745,1883,tcp,mqtt,32.075677,9,5,3,3,0.280586,0.155881,0.436468,0.555556,296,32,40,168,32,40,0,2,1,3,3,13,0,0,0,0,0.0,33.0,76.0,8.444444,13.115935999999998,0.0,23.0,32.0,6.4,9.555103,0.0,33.0,108.0,7.714286,11.618477,346.8990330000001,29814059.019089,32075676.91803,4009459.614754,10433198.821393,4099.13063,1454874.992371,1993715.047836,498428.761959,649597.576957,346.8990330000001,29814059.019089,32075676.91803,2467359.762925,8223043.2188559985,3.3670370000000003,3.0,1.666667,25.333333,10.666667,0.0,0.0,0.0,0.0,0.0,0.0,2261617.898941,2261617.898941,2261617.898941,2261617.898941,0.0,29814059.019089,29814059.019089,29814059.019089,29814059.019089,0.0,64240,26847,502,MQTT_Publish
38,49185,1883,tcp,mqtt,31.89725,9,5,3,3,0.282156,0.156753,0.438909,0.555556,296,32,40,168,32,40,0,2,1,3,3,13,0,0,0,0,0.0,33.0,76.0,8.444444,13.115935999999998,0.0,23.0,32.0,6.4,9.555103,0.0,33.0,108.0,7.714286,11.618477,256.061554,29851208.925247,31897249.937057,3987156.242132,10460563.561959,4608.154297,1557300.806046,1885198.8315580003,471299.70789,727776.1202649998,256.061554,29851208.925247,31897249.937057,2453634.610543,8240532.695617,3.385872,3.0,1.666667,25.333333,10.666667,0.0,0.0,0.0,0.0,0.0,0.0,2046041.01181,2046041.01181,2046041.01181,2046041.01181,0.0,29851208.925247,29851208.925247,29851208.925247,29851208.925247,0.0,64240,26847,502,MQTT_Publish
39,47295,1883,tcp,mqtt,31.933631,9,5,3,3,0.281835,0.156575,0.438409,0.555556,296,32,40,168,32,40,0,2,1,3,3,13,0,0,0,0,0.0,33.0,76.0,8.444444,13.115935999999998,0.0,23.0,32.0,6.4,9.555103,0.0,33.0,108.0,7.714286,11.618477,247.001648,29848643.064499,31933630.943298,3991703.867912,10457892.450462,4091.024399,1580502.986908,1912322.044373,478080.511093,738804.3863,247.001648,29848643.064499,31933630.943298,2456433.149484,8239119.619429,3.382014,3.0,1.666667,25.333333,10.666667,0.0,0.0,0.0,0.0,0.0,0.0,2084987.878799,2084987.878799,2084987.878799,2084987.878799,0.0,29848643.064499,29848643.064499,29848643.064499,29848643.064499,0.0,64240,26847,502,MQTT_Publish
40,60745,1883,tcp,mqtt,31.907554,9,5,3,3,0.282065,0.156703,0.4387680000000001,0.555556,296,32,40,168,32,40,0,2,1,3,3,13,0,0,0,0,0.0,33.0,76.0,8.444444,13.115935999999998,0.0,23.0,32.0,6.4,9.555103,0.0,33.0,108.0,7.714286,11.618477,242.948532,29869238.853455,31907553.911209,3988444.238901,10468255.49034,4034.996033,1601289.9875639996,1892401.93367,473100.4834180001,755002.242062,242.948532,29869238.853455,31907553.911209,2454427.223939,8246386.173934,3.384778,3.0,1.666667,25.333333,10.666667,0.0,0.0,0.0,0.0,0.0,0.0,2038315.057755,2038315.057755,2038315.057755,2038315.057755,0.0,29869238.853455,29869238.853455,29869238.853455,29869238.853455,0.0,64240,26847,502,MQTT_Publish
41,53237,1883,tcp,mqtt,31.929395,9,5,3,3,0.281872,0.156596,0.438467,0.555556,296,32,40,168,32,40,0,2,1,3,3,13,0,0,0,0,0.0,33.0,76.0,8.444444,13.115935999999998,0.0,23.0,32.0,6.4,9.555103,0.0,33.0,108.0,7.714286,11.618477,226.974487,29867969.989777,31929395.198821995,3991174.399853,10466124.997255,68.902969,1579878.091812,1903276.205063,475819.051266,739971.969312,68.902969,29867969.989777,31929395.198821995,2456107.322986,8245147.017361,3.382463,3.0,1.666667,25.333333,10.666667,0.0,0.0,0.0,0.0,0.0,0.0,2061425.209045,2061425.209045,2061425.209045,2061425.209045,0.0,29867969.989777,29867969.989777,29867969.989777,29867969.989777,0.0,64240,26847,502,MQTT_Publish
42,42637,1883,tcp,mqtt,32.028281,9,5,3,3,0.281002,0.156112,0.4371140000000001,0.555556,296,32,40,168,32,40,0,2,1,3,3,13,0,0,0,0,0.0,33.0,76.0,8.444444,13.115935999999998,0.0,23.0,32.0,6.4,9.555103,0.0,33.0,108.0,7.714286,11.618477,279.903412,29773945.808411,32028280.973434,4003535.121679,10420191.100556,4489.183426,1497854.948044,2002111.911774,500527.977943,674874.340439,279.903412,29773945.808411,32028280.973434,2463713.921033,8212678.692758,3.37202,3.0,1.666667,25.333333,10.666667,0.0,0.0,0.0,0.0,0.0,0.0,2254335.165024,2254335.165024,2254335.165024,2254335.165024,0.0,29773945.808411,29773945.808411,29773945.808411,29773945.808411,0.0,64240,26847,502,MQTT_Publish
43,34219,1883,tcp,mqtt,32.099096,9,5,3,3,0.280382,0.15576800000000002,0.436149,0.555556,296,32,40,168,32,40,0,2,1,3,3,13,0,0,0,0,0.0,33.0,76.0,8.444444,13.115935999999998,0.0,23.0,32.0,6.4,9.555103,0.0,33.0,108.0,7.714286,11.618477,252.962112,29823278.903961,32099096.059799,4012387.007475,10436589.560929,2545.833588,1506481.88591,2019572.973251,504893.243313,678271.1778930001,252.962112,29823278.903961,32099096.059799,2469161.235369,8225921.868185,3.364581,3.0,1.666667,25.333333,10.666667,0.0,0.0,0.0,0.0,0.0,0.0,2275817.155838,2275817.155838,2275817.155838,2275817.155838,0.0,29823278.903961,29823278.903961,29823278.903961,29823278.903961,0.0,64240,26847,502,MQTT_Publish
44,41975,1883,tcp,mqtt,31.98821,9,5,3,3,0.281354,0.156308,0.437661,0.555556,296,32,40,168,32,40,0,2,1,3,3,13,0,0,0,0,0.0,33.0,76.0,8.444444,13.115935999999998,0.0,23.0,32.0,6.4,9.555103,0.0,33.0,108.0,7.714286,11.618477,472.068787,29909020.900726,31988209.962845,3998526.245356,10479437.527994,6796.121597,1571250.915527,1906555.891037,476638.972759,733513.003978,472.068787,29909020.900726,31988209.962845,2460631.535603,8255919.356694,3.376244,3.0,1.666667,25.333333,10.666667,0.0,0.0,0.0,0.0,0.0,0.0,2079189.062119,2079189.062119,2079189.062119,2079189.062119,0.0,29909020.900726,29909020.900726,29909020.900726,29909020.900726,0.0,64240,26847,502,MQTT_Publish
45,33293,1883,tcp,mqtt,32.125743,9,5,3,3,0.280149,0.155638,0.435788,0.555556,296,32,40,168,32,40,0,2,1,3,3,13,0,0,0,0,0.0,33.0,76.0,8.444444,13.115935999999998,0.0,23.0,32.0,6.4,9.555103,0.0,33.0,108.0,7.714286,11.618477,273.942947,29802966.833115004,32125742.912292,4015717.864037,10427072.466791,6808.042526,1523252.010345,2056303.024292,514075.756073,683552.448997,273.942947,29802966.833115004,32125742.912292,2471210.993253,8219293.582278999,3.36179,3.0,1.666667,25.333333,10.666667,0.0,0.0,0.0,0.0,0.0,0.0,2322776.079178,2322776.079178,2322776.079178,2322776.079178,0.0,29802966.833115004,29802966.833115004,29802966.833115004,29802966.833115004,0.0,64240,26847,502,MQTT_Publish
46,35285,1883,tcp,mqtt,32.074138,9,5,3,3,0.2806,0.155889,0.436489,0.555556,296,32,40,168,32,40,0,2,1,3,3,13,0,0,0,0,0.0,33.0,76.0,8.444444,13.115935999999998,0.0,23.0,32.0,6.4,9.555103,0.0,33.0,108.0,7.714286,11.618477,518.083572,29795946.836472,32074137.926102,4009267.240763,10426684.113799,2654.075623,1499743.938446,2018791.913986,504697.978497,674213.740346,518.083572,29795946.836472,32074137.926102,2467241.3789310004,8218200.189261,3.367199,3.0,1.666667,25.333333,10.666667,0.0,0.0,0.0,0.0,0.0,0.0,2278191.08963,2278191.08963,2278191.08963,2278191.08963,0.0,29795946.836472,29795946.836472,29795946.836472,29795946.836472,0.0,64240,26847,502,MQTT_Publish
47,52561,1883,tcp,mqtt,32.096686,9,5,3,3,0.280403,0.155779,0.436182,0.555556,296,32,40,168,32,40,0,2,1,3,3,13,0,0,0,0,0.0,33.0,76.0,8.444444,13.115935999999998,0.0,23.0,32.0,6.4,9.555103,0.0,33.0,108.0,7.714286,11.618477,249.862671,29803354.024887,32096686.124802,4012085.7656,10429259.859073,495.9106450000001,1541275.024414,2041604.995728,510401.248932,697234.649715,249.862671,29803354.024887,32096686.124802,2468975.855754,8220458.704975,3.364833,3.0,1.666667,25.333333,10.666667,0.0,0.0,0.0,0.0,0.0,0.0,2293332.099915,2293332.099915,2293332.099915,2293332.099915,0.0,29803354.024887,29803354.024887,29803354.024887,29803354.024887,0.0,64240,26847,502,MQTT_Publish
48,42461,1883,tcp,mqtt,31.984844,9,5,3,3,0.281383,0.156324,0.437707,0.555556,296,32,40,168,32,40,0,2,1,3,3,13,0,0,0,0,0.0,33.0,76.0,8.444444,13.115935999999998,0.0,23.0,32.0,6.4,9.555103,0.0,33.0,108.0,7.714286,11.618477,253.915787,29897463.083267,31984844.207764,3998105.52597,10476356.788081,3874.778748,1636828.1841280004,1939640.99884,484910.24971000006,771007.292496,253.915787,29897463.083267,31984844.207764,2460372.631366,8253584.354672,3.376599,3.0,1.666667,25.333333,10.666667,0.0,0.0,0.0,0.0,0.0,0.0,2087381.124496,2087381.124496,2087381.124496,2087381.124496,0.0,29897463.083267,29897463.083267,29897463.083267,29897463.083267,0.0,64240,26847,502,MQTT_Publish
49,33775,1883,tcp,mqtt,32.086841,9,5,3,3,0.280489,0.155827,0.436316,0.555556,296,32,40,168,32,40,0,2,1,3,3,13,0,0,0,0,0.0,33.0,76.0,8.444444,13.115935999999998,0.0,23.0,32.0,6.4,9.555103,0.0,33.0,108.0,7.714286,11.618477,253.200531,29795991.897583,32086841.106415004,4010855.138302,10426801.449412,3159.999847,1543543.100357,2042226.076126,510556.519032,698244.2858770001,253.200531,29795991.897583,32086841.106415004,2468218.546647,8218486.2664600015,3.3658660000000005,3.0,1.666667,25.333333,10.666667,0.0,0.0,0.0,0.0,0.0,0.0,2290849.208832,2290849.208832,2290849.208832,2290849.208832,0.0,29795991.897583,29795991.897583,29795991.897583,29795991.897583,0.0,64240,26847,502,MQTT_Publish
50,49599,1883,tcp,mqtt,31.983325,9,5,3,3,0.28139699999999995,0.156331,0.437728,0.555556,296,32,40,168,32,40,0,2,1,3,3,13,0,0,0,0,0.0,33.0,76.0,8.444444,13.115935999999998,0.0,23.0,32.0,6.4,9.555103,0.0,33.0,108.0,7.714286,11.618477,261.068344,29889672.040939003,31983325.004578,3997915.625572,10473075.210044,3450.155258,1629500.150681,1940710.067749,485177.516937,766171.759142,261.068344,29889672.040939003,31983325.004578,2460255.7695830003,8251133.9757630015,3.37676,3.0,1.666667,25.333333,10.666667,0.0,0.0,0.0,0.0,0.0,0.0,2093652.963638,2093652.963638,2093652.963638,2093652.963638,0.0,29889672.040939003,29889672.040939003,29889672.040939003,29889672.040939003,0.0,64240,26847,502,MQTT_Publish
51,51113,1883,tcp,mqtt,32.080402,9,5,3,3,0.280545,0.155858,0.436404,0.555556,296,32,40,168,32,40,0,2,1,3,3,13,0,0,0,0,0.0,33.0,76.0,8.444444,13.115935999999998,0.0,23.0,32.0,6.4,9.555103,0.0,33.0,108.0,7.714286,11.618477,237.941742,29790796.995163,32080401.89743,4010050.237179,10424992.227935,1738.0714420000004,1540699.958801,2041382.074356,510345.518589,696760.192368,156.879425,29790796.995163,32080401.89743,2467723.222879,8217042.975983,3.366541,3.0,1.666667,25.333333,10.666667,0.0,0.0,0.0,0.0,0.0,0.0,2289604.902267,2289604.902267,2289604.902267,2289604.902267,0.0,29790796.995163,29790796.995163,29790796.995163,29790796.995163,0.0,64240,26847,502,MQTT_Publish
52,56617,1883,tcp,mqtt,32.068661,9,5,3,3,0.280648,0.155915,0.436563,0.555556,296,32,40,168,32,40,0,2,1,3,3,13,0,0,0,0,0.0,33.0,76.0,8.444444,13.115935999999998,0.0,23.0,32.0,6.4,9.555103,0.0,33.0,108.0,7.714286,11.618477,256.77681,29787762.880325,32068660.974503007,4008582.621813,10423675.48253,4024.982452,1502051.830292,2021719.932556,505429.983139,675101.363592,256.77681,29787762.880325,32068660.974503007,2466820.074962,8215888.401675999,3.367774,3.0,1.666667,25.333333,10.666667,0.0,0.0,0.0,0.0,0.0,0.0,2280898.094177,2280898.094177,2280898.094177,2280898.094177,0.0,29787762.880325,29787762.880325,29787762.880325,29787762.880325,0.0,64240,26847,502,MQTT_Publish
53,56301,1883,tcp,mqtt,31.964128,9,5,3,3,0.281566,0.156425,0.437991,0.555556,296,32,40,168,32,40,0,2,1,3,3,13,0,0,0,0,0.0,33.0,76.0,8.444444,13.115935999999998,0.0,23.0,32.0,6.4,9.555103,0.0,33.0,108.0,7.714286,11.618477,241.041183,29757014.989853,31964128.017426006,3995516.002178,10421632.185132,3773.927689,1716547.966003,2034918.785095,508729.696274,808460.4455350002,241.041183,29757014.989853,31964128.017426006,2458779.078264,8212708.774991998,3.378788,3.0,1.666667,25.333333,10.666667,0.0,0.0,0.0,0.0,0.0,0.0,2207113.027573,2207113.027573,2207113.027573,2207113.027573,0.0,29757014.989853,29757014.989853,29757014.989853,29757014.989853,0.0,64240,26847,502,MQTT_Publish
54,38505,1883,tcp,mqtt,31.975608,9,5,3,3,0.281465,0.156369,0.437834,0.555556,296,32,40,168,32,40,0,2,1,3,3,13,0,0,0,0,0.0,33.0,76.0,8.444444,13.115935999999998,0.0,23.0,32.0,6.4,9.555103,0.0,33.0,108.0,7.714286,11.618477,253.915787,29885917.901993,31975608.110428,3996951.013803,10472080.236636,817.060471,1632269.859314,1936343.90831,484085.977077,768755.806231,253.915787,29885917.901993,31975608.110428,2459662.162341,8250277.073586,3.377575,3.0,1.666667,25.333333,10.666667,0.0,0.0,0.0,0.0,0.0,0.0,2089690.208435,2089690.208435,2089690.208435,2089690.208435,0.0,29885917.901993,29885917.901993,29885917.901993,29885917.901993,0.0,64240,26847,502,MQTT_Publish
55,39223,1883,tcp,mqtt,31.783246,9,5,3,3,0.283168,0.157316,0.440484,0.555556,296,32,40,168,32,40,0,2,1,3,3,13,0,0,0,0,0.0,33.0,76.0,8.444444,13.115935999999998,0.0,23.0,32.0,6.4,9.555103,0.0,33.0,108.0,7.714286,11.618477,255.823135,29569719.076157,31783246.040344,3972905.755043,10349677.675885,2003.192902,1459949.970245,1965032.8159330003,491258.203983,656424.9754689999,229.120255,29569719.076157,31783246.040344,2444865.080026,8156660.744508,3.398017,3.0,1.666667,25.333333,10.666667,0.0,0.0,0.0,0.0,0.0,0.0,2213526.964188,2213526.964188,2213526.964188,2213526.964188,0.0,29569719.076157,29569719.076157,29569719.076157,29569719.076157,0.0,64240,26847,502,MQTT_Publish
56,60201,1883,tcp,mqtt,32.004644,9,5,3,3,0.28120900000000004,0.156227,0.437437,0.555556,296,32,40,168,32,40,0,2,1,3,3,13,0,0,0,0,0.0,33.0,74.0,8.222222,12.852799,0.0,21.0,30.0,6.0,8.689074,0.0,33.0,104.0,7.428571000000002,11.229866,249.862671,29768297.195435,32004644.155502006,4000580.519438,10418691.542265,2897.977829,1468240.976334,1980500.936508,495125.234127,659512.595895,249.862671,29768297.195435,32004644.155502006,2461895.704269,8211199.020016002,3.249528,3.0,1.666667,24.666667,10.0,0.0,0.0,0.0,0.0,0.0,0.0,2236346.960068,2236346.960068,2236346.960068,2236346.960068,0.0,29768297.195435,29768297.195435,29768297.195435,29768297.195435,0.0,64240,26847,502,MQTT_Publish
57,57109,1883,tcp,mqtt,32.041896,9,5,3,3,0.280882,0.156046,0.436928,0.555556,296,32,40,168,32,40,0,2,1,3,3,13,0,0,0,0,0.0,33.0,74.0,8.222222,12.852799,0.0,21.0,30.0,6.0,8.689074,0.0,33.0,104.0,7.428571000000002,11.229866,241.041183,29763087.9879,32041895.866394,4005236.983299,10414868.062204,2266.88385,1489371.061325,2016650.915146,504162.728786,668165.207651,195.980072,29763087.9879,32041895.866394,2464761.220492,8208945.420167,3.245751,3.0,1.666667,24.666667,10.0,0.0,0.0,0.0,0.0,0.0,0.0,2278807.878494,2278807.878494,2278807.878494,2278807.878494,0.0,29763087.9879,29763087.9879,29763087.9879,29763087.9879,0.0,64240,26847,502,MQTT_Publish
58,32865,1883,tcp,mqtt,32.176053,9,5,3,3,0.279711,0.155395,0.4351060000000001,0.555556,296,32,40,168,32,40,0,2,1,3,3,13,0,0,0,0,0.0,33.0,74.0,8.222222,12.852799,0.0,21.0,30.0,6.0,8.689074,0.0,33.0,104.0,7.428571000000002,11.229866,400.781631,29878261.804581,32176052.808762,4022006.601095,10455055.243011,2165.794373,1517605.781555,2036203.861237,509050.965309,683128.673453,400.781631,29878261.804581,32176052.808762,2475080.985289,8240791.025825,3.232217,3.0,1.666667,24.666667,10.0,0.0,0.0,0.0,0.0,0.0,0.0,2297791.004181,2297791.004181,2297791.004181,2297791.004181,0.0,29878261.804581,29878261.804581,29878261.804581,29878261.804581,0.0,64240,26847,502,MQTT_Publish
59,58743,1883,tcp,mqtt,32.085947,9,5,3,3,0.280497,0.155831,0.436328,0.555556,296,32,40,168,32,40,0,2,1,3,3,13,0,0,0,0,0.0,33.0,76.0,8.444444,13.115935999999998,0.0,23.0,32.0,6.4,9.555103,0.0,33.0,108.0,7.714286,11.618477,391.00647,29816497.802734,32085946.798325,4010743.3497910006,10433930.576277,3830.909729,1471663.951874,2003417.015076,500854.253769,658722.246963,391.00647,29816497.802734,32085946.798325,2468149.753717,8223745.927687,3.36596,3.0,1.666667,25.333333,10.666667,0.0,0.0,0.0,0.0,0.0,0.0,2269448.99559,2269448.99559,2269448.99559,2269448.99559,0.0,29816497.802734,29816497.802734,29816497.802734,29816497.802734,0.0,64240,26847,502,MQTT_Publish
60,59577,1883,tcp,mqtt,31.851752,9,5,3,3,0.282559,0.156977,0.439536,0.555556,296,32,40,168,32,40,0,2,1,3,3,13,0,0,0,0,0.0,33.0,74.0,8.222222,12.852799,0.0,21.0,30.0,6.0,8.689074,0.0,33.0,104.0,7.428571000000002,11.229866,282.049179,29722827.911377,31851752.04277,3981469.005346,10412058.747683,1031.87561,1627964.019775,1962239.980698,490559.995174,762277.565235,282.049179,29722827.911377,31851752.04277,2450134.772521,8203912.520022999,3.265127,3.0,1.666667,24.666667,10.0,0.0,0.0,0.0,0.0,0.0,0.0,2128924.131393,2128924.131393,2128924.131393,2128924.131393,0.0,29722827.911377,29722827.911377,29722827.911377,29722827.911377,0.0,64240,26847,502,MQTT_Publish
61,48921,1883,tcp,mqtt,32.06554000000001,9,5,3,3,0.280675,0.155931,0.4366060000000001,0.555556,296,32,40,168,32,40,0,2,1,3,3,13,0,0,0,0,0.0,33.0,74.0,8.222222,12.852799,0.0,21.0,30.0,6.0,8.689074,0.0,33.0,104.0,7.428571000000002,11.229866,252.008438,29791335.105896004,32065540.075302,4008192.509413,10425434.439883,1452.922821,1509459.972382,2021775.960922,505443.99023100006,679967.575267,252.008438,29791335.105896004,32065540.075302,2466580.005792,8217129.2129,3.243357,3.0,1.666667,24.666667,10.0,0.0,0.0,0.0,0.0,0.0,0.0,2274204.9694060003,2274204.9694060003,2274204.9694060003,2274204.9694060003,0.0,29791335.105896004,29791335.105896004,29791335.105896004,29791335.105896004,0.0,64240,26847,502,MQTT_Publish
62,44665,1883,tcp,mqtt,32.089886,9,5,3,3,0.280462,0.15581199999999998,0.436275,0.555556,296,32,40,168,32,40,0,2,1,3,3,13,0,0,0,0,0.0,33.0,74.0,8.222222,12.852799,0.0,21.0,30.0,6.0,8.689074,0.0,33.0,104.0,7.428571000000002,11.229866,421.04721100000006,29795188.903809004,32089885.950089,4011235.743761,10426268.235877,1859.903336,1542685.985565,2044577.121735,511144.280434,697573.254096,87.976456,29795188.903809004,32089885.950089,2468452.765391,8218139.122989,3.240897,3.0,1.666667,24.666667,10.0,0.0,0.0,0.0,0.0,0.0,0.0,2294697.04628,2294697.04628,2294697.04628,2294697.04628,0.0,29795188.903809004,29795188.903809004,29795188.903809004,29795188.903809004,0.0,64240,26847,502,MQTT_Publish
63,54621,1883,tcp,mqtt,32.161187,9,5,3,3,0.27984000000000003,0.155467,0.435307,0.555556,296,32,40,168,32,40,0,2,1,3,3,13,0,0,0,0,0.0,33.0,76.0,8.444444,13.115935999999998,0.0,23.0,32.0,6.4,9.555103,0.0,33.0,108.0,7.714286,11.618477,277.042389,29883947.134018,32161186.933517,4020148.36669,10457875.692445,3875.97084,1502607.822418,2019242.763519,504810.69088,675764.706564,277.042389,29883947.134018,32161186.933517,2473937.456424,8242645.021611,3.358085,3.0,1.666667,25.333333,10.666667,0.0,0.0,0.0,0.0,0.0,0.0,2277239.7995,2277239.7995,2277239.7995,2277239.7995,0.0,29883947.134018,29883947.134018,29883947.134018,29883947.134018,0.0,64240,26847,502,MQTT_Publish
64,54277,1883,tcp,mqtt,32.106784999999995,9,5,3,3,0.28031500000000004,0.15573,0.436045,0.555556,296,32,40,168,32,40,0,2,1,3,3,13,0,0,0,0,0.0,33.0,74.0,8.222222,12.852799,0.0,21.0,30.0,6.0,8.689074,0.0,33.0,104.0,7.428571000000002,11.229866,235.795975,29921494.007111,32106784.820557,4013348.10257,10479621.679785,72.002411,1657712.936401,2010991.811752,502747.952938,774460.613242,72.002411,29921494.007111,32106784.820557,2469752.678504,8257898.3003130015,3.239191,3.0,1.666667,24.666667,10.0,0.0,0.0,0.0,0.0,0.0,0.0,2185290.813446,2185290.813446,2185290.813446,2185290.813446,0.0,29921494.007111,29921494.007111,29921494.007111,29921494.007111,0.0,64240,26847,502,MQTT_Publish
65,54795,1883,tcp,mqtt,31.821568,9,5,3,3,0.282827,0.157126,0.439953,0.555556,296,32,40,168,32,40,0,2,1,3,3,13,0,0,0,0,0.0,33.0,74.0,8.222222,12.852799,0.0,21.0,30.0,6.0,8.689074,0.0,33.0,104.0,7.428571000000002,11.229866,230.073929,29792901.039124,31821568.012238,3977696.0015300005,10441237.569312,615.83519,1569379.091263,1873392.105103,468348.026276,737468.2917729998,230.073929,29792901.039124,31821568.012238,2447812.9240180003,8225048.468246001,3.268224,3.0,1.666667,24.666667,10.0,0.0,0.0,0.0,0.0,0.0,0.0,2028666.973114,2028666.973114,2028666.973114,2028666.973114,0.0,29792901.039124,29792901.039124,29792901.039124,29792901.039124,0.0,64240,26847,502,MQTT_Publish
66,54603,1883,tcp,mqtt,32.010505,9,5,3,3,0.281158,0.156199,0.437356,0.555556,296,32,40,168,32,40,0,2,1,3,3,13,0,0,0,0,0.0,33.0,76.0,8.444444,13.115935999999998,0.0,23.0,32.0,6.4,9.555103,0.0,33.0,108.0,7.714286,11.618477,441.789627,29699869.155884,32010505.199432,4001313.149929,10391615.245983,2113.1038670000007,1530694.961548,2035252.094269,508813.023567,691302.0245149999,339.031219,29699869.155884,32010505.199432,2462346.553802,8191187.6303699985,3.373892,3.0,1.666667,25.333333,10.666667,0.0,0.0,0.0,0.0,0.0,0.0,2310636.0435490003,2310636.0435490003,2310636.0435490003,2310636.0435490003,0.0,29699869.155884,29699869.155884,29699869.155884,29699869.155884,0.0,64240,26847,502,MQTT_Publish
67,60035,1883,tcp,mqtt,32.111014000000004,9,5,3,3,0.280278,0.15571,0.435987,0.555556,296,32,40,168,32,40,0,2,1,3,3,13,0,0,0,0,0.0,33.0,74.0,8.222222,12.852799,0.0,21.0,30.0,6.0,8.689074,0.0,33.0,104.0,7.428571000000002,11.229866,542.879105,29835297.822952,32111013.889313,4013876.736164,10440253.980438,3908.872604,1475495.100021,2009732.961655,502433.24041400006,660295.63045,542.879105,29835297.822952,32111013.889313,2470077.991486,8228818.041666,3.238764,3.0,1.666667,24.666667,10.0,0.0,0.0,0.0,0.0,0.0,0.0,2275716.06636,2275716.06636,2275716.06636,2275716.06636,0.0,29835297.822952,29835297.822952,29835297.822952,29835297.822952,0.0,64240,26847,502,MQTT_Publish
68,51887,1883,tcp,mqtt,31.936792,9,5,3,3,0.28180700000000003,0.156559,0.438366,0.555556,296,32,40,168,32,40,0,2,1,3,3,13,0,0,0,0,0.0,33.0,74.0,8.222222,12.852799,0.0,21.0,30.0,6.0,8.689074,0.0,33.0,104.0,7.428571000000002,11.229866,230.073929,29876209.974289,31936791.89682,3992098.987103,10468626.033138,3346.920013,1560525.894165,1896252.87056,474063.21764,728378.837295,230.073929,29876209.974289,31936791.89682,2456676.299755,8247067.987112,3.256432,3.0,1.666667,24.666667,10.0,0.0,0.0,0.0,0.0,0.0,0.0,2060581.922531,2060581.922531,2060581.922531,2060581.922531,0.0,29876209.974289,29876209.974289,29876209.974289,29876209.974289,0.0,64240,26847,502,MQTT_Publish
69,52041,1883,tcp,mqtt,31.943061,9,5,3,3,0.28175100000000003,0.156529,0.43828,0.555556,296,32,40,168,32,40,0,2,1,3,3,13,0,0,0,0,0.0,33.0,74.0,8.222222,12.852799,0.0,21.0,30.0,6.0,8.689074,0.0,33.0,104.0,7.428571000000002,11.229866,252.008438,29872427.940369,31943060.874939,3992882.609367,10467979.521867,3968.000412,1619257.926941,1918992.042542,479748.010635,762701.63723,252.008438,29872427.940369,31943060.874939,2457158.528841,8246735.881821001,3.255793,3.0,1.666667,24.666667,10.0,0.0,0.0,0.0,0.0,0.0,0.0,2070632.93457,2070632.93457,2070632.93457,2070632.93457,0.0,29872427.940369,29872427.940369,29872427.940369,29872427.940369,0.0,64240,26847,502,MQTT_Publish
70,53151,1883,tcp,mqtt,32.104615,9,5,3,3,0.280334,0.15574100000000002,0.436074,0.555556,296,32,40,168,32,40,0,2,1,3,3,13,0,0,0,0,0.0,33.0,76.0,8.444444,13.115935999999998,0.0,23.0,32.0,6.4,9.555103,0.0,33.0,108.0,7.714286,11.618477,255.10788,29761011.838913,32104614.973068,4013076.871634,10410285.527427,4761.93428,1454239.13002,2049198.150635,512299.537659,642702.6829670001,255.10788,29761011.838913,32104614.973068,2469585.767159,8206538.960563,3.364002,3.0,1.666667,25.333333,10.666667,0.0,0.0,0.0,0.0,0.0,0.0,2343603.134155,2343603.134155,2343603.134155,2343603.134155,0.0,29761011.838913,29761011.838913,29761011.838913,29761011.838913,0.0,64240,26847,502,MQTT_Publish
71,53781,1883,tcp,mqtt,32.185541,9,5,3,3,0.279629,0.155349,0.434978,0.555556,296,32,40,168,32,40,0,2,1,3,3,13,0,0,0,0,0.0,33.0,74.0,8.222222,12.852799,0.0,21.0,30.0,6.0,8.689074,0.0,33.0,104.0,7.428571000000002,11.229866,263.929367,29888066.053391,32185540.914536,4023192.614317,10458893.17005,2778.053284,1544373.035431,2047355.175018,511838.793755,698159.975975,263.929367,29888066.053391,32185540.914536,2475810.83958,8243779.9647619985,3.231265,3.0,1.666667,24.666667,10.0,0.0,0.0,0.0,0.0,0.0,0.0,2297474.861145,2297474.861145,2297474.861145,2297474.861145,0.0,29888066.053391,29888066.053391,29888066.053391,29888066.053391,0.0,64240,26847,502,MQTT_Publish
72,59303,1883,tcp,mqtt,32.014301,9,5,3,3,0.281124,0.15618,0.437305,0.555556,296,32,40,168,32,40,0,2,1,3,3,13,0,0,0,0,0.0,33.0,74.0,8.222222,12.852799,0.0,21.0,30.0,6.0,8.689074,0.0,33.0,104.0,7.428571000000002,11.229866,265.12146,29936398.983002003,32014301.06163,4001787.632704,10489622.451478,3556.013107,1593245.029449,1915514.945984,478878.736496,746533.598736,265.12146,29936398.983002003,32014301.06163,2462638.543202,8263865.983496001,3.248548,3.0,1.666667,24.666667,10.0,0.0,0.0,0.0,0.0,0.0,0.0,2077902.078629,2077902.078629,2077902.078629,2077902.078629,0.0,29936398.983002003,29936398.983002003,29936398.983002003,29936398.983002003,0.0,64240,26847,502,MQTT_Publish
73,59607,1883,tcp,mqtt,32.007904,9,5,3,3,0.281181,0.156211,0.437392,0.555556,296,32,40,168,32,40,0,2,1,3,3,13,0,0,0,0,0.0,33.0,74.0,8.222222,12.852799,0.0,21.0,30.0,6.0,8.689074,0.0,33.0,104.0,7.428571000000002,11.229866,421.04721100000006,29797966.957092,32007903.814316,4000987.976789,10430672.563157003,3708.839417,1469920.873642,1963894.844055,490973.71101400006,662480.81127,421.04721100000006,29797966.957092,32007903.814316,2462146.447255,8220118.6547960015,3.249197,3.0,1.666667,24.666667,10.0,0.0,0.0,0.0,0.0,0.0,0.0,2209936.857224,2209936.857224,2209936.857224,2209936.857224,0.0,29797966.957092,29797966.957092,29797966.957092,29797966.957092,0.0,64240,26847,502,MQTT_Publish
74,42911,1883,tcp,mqtt,31.975681,9,5,3,3,0.281464,0.156369,0.437833,0.555556,296,32,40,168,32,40,0,2,1,3,3,13,0,0,0,0,0.0,33.0,74.0,8.222222,12.852799,0.0,21.0,30.0,6.0,8.689074,0.0,33.0,104.0,7.428571000000002,11.229866,263.214111,29879198.074341,31975681.066513,3996960.133314,10468691.566605,3983.974457,1607717.990875,1931807.994843,482951.998711,753451.234779,263.214111,29879198.074341,31975681.066513,2459667.7743470003,8247765.047388,3.252472,3.0,1.666667,24.666667,10.0,0.0,0.0,0.0,0.0,0.0,0.0,2096482.992172,2096482.992172,2096482.992172,2096482.992172,0.0,29879198.074341,29879198.074341,29879198.074341,29879198.074341,0.0,64240,26847,502,MQTT_Publish
75,37111,1883,tcp,mqtt,32.086663,9,5,3,3,0.28049,0.155828,0.436318,0.555556,296,32,40,168,32,40,0,2,1,3,3,13,0,0,0,0,0.0,33.0,74.0,8.222222,12.852799,0.0,21.0,30.0,6.0,8.689074,0.0,33.0,104.0,7.428571000000002,11.229866,262.97569300000004,29796669.960022,32086663.007736,4010832.875967,10427104.659955,2501.964569,1543668.985367,2041969.060898,510492.265224,698431.258629,262.97569300000004,29796669.960022,32086663.007736,2468204.8467490003,8218704.182289,3.241222,3.0,1.666667,24.666667,10.0,0.0,0.0,0.0,0.0,0.0,0.0,2289993.047714,2289993.047714,2289993.047714,2289993.047714,0.0,29796669.960022,29796669.960022,29796669.960022,29796669.960022,0.0,64240,26847,502,MQTT_Publish
76,41323,1883,tcp,mqtt,32.039418,9,5,3,3,0.280904,0.156058,0.436962,0.555556,296,32,40,168,32,40,0,2,1,3,3,13,0,0,0,0,0.0,33.0,76.0,8.444444,13.115935999999998,0.0,23.0,32.0,6.4,9.555103,0.0,33.0,108.0,7.714286,11.618477,431.060791,29783124.923706,32039417.982101,4004927.247763,10423014.410493,3376.00708,1479485.988617,1997699.975967,499424.993992,664259.4133949999,431.060791,29783124.923706,32039417.982101,2464570.614008,8214940.598174,3.3708480000000005,3.0,1.666667,25.333333,10.666667,0.0,0.0,0.0,0.0,0.0,0.0,2256293.058395,2256293.058395,2256293.058395,2256293.058395,0.0,29783124.923706,29783124.923706,29783124.923706,29783124.923706,0.0,64240,26847,502,MQTT_Publish
77,48297,1883,tcp,mqtt,31.969656,9,5,3,3,0.281517,0.156398,0.437915,0.555556,296,32,40,168,32,40,0,2,1,3,3,13,0,0,0,0,0.0,33.0,74.0,8.222222,12.852799,0.0,21.0,30.0,6.0,8.689074,0.0,33.0,104.0,7.428571000000002,11.229866,444.88906900000006,29758960.008621003,31969655.990601,3996206.998825,10416884.343876,3638.029099,1470814.943314,1966067.075729,491516.768932,662772.736927,444.88906900000006,29758960.008621003,31969655.990601,2459204.306969,8209314.368675998,3.253085,3.0,1.666667,24.666667,10.0,0.0,0.0,0.0,0.0,0.0,0.0,2210695.981979,2210695.981979,2210695.981979,2210695.981979,0.0,29758960.008621003,29758960.008621003,29758960.008621003,29758960.008621003,0.0,64240,26847,502,MQTT_Publish
78,49345,1883,tcp,mqtt,31.941371000000004,9,5,3,3,0.281766,0.15653699999999998,0.438303,0.555556,296,32,40,168,32,40,0,2,1,3,3,13,0,0,0,0,0.0,33.0,76.0,8.444444,13.115935999999998,0.0,23.0,32.0,6.4,9.555103,0.0,33.0,108.0,7.714286,11.618477,416.040421,29830935.001373,31941370.96405,3992671.370506,10450387.323996,7754.8027040000015,1590651.988983,1937778.949738,484444.737434,741413.063429,416.040421,29830935.001373,31941370.96405,2457028.535696,8233682.887611999,3.3811949999999995,3.0,1.666667,25.333333,10.666667,0.0,0.0,0.0,0.0,0.0,0.0,2110435.962677,2110435.962677,2110435.962677,2110435.962677,0.0,29830935.001373,29830935.001373,29830935.001373,29830935.001373,0.0,64240,26847,502,MQTT_Publish
79,54895,1883,tcp,mqtt,31.958635,9,5,3,3,0.281614,0.156452,0.438066,0.555556,296,32,40,168,32,40,0,2,1,3,3,13,0,0,0,0,0.0,33.0,76.0,8.444444,13.115935999999998,0.0,23.0,32.0,6.4,9.555103,0.0,33.0,108.0,7.714286,11.618477,344.991684,29851133.108139,31958635.091782,3994829.3864730005,10458268.750961,4132.032394,1619629.859924,1946884.870529,486721.217632,758910.729008,344.991684,29851133.108139,31958635.091782,2458356.545522,8239786.688913002,3.379368,3.0,1.666667,25.333333,10.666667,0.0,0.0,0.0,0.0,0.0,0.0,2107501.983643,2107501.983643,2107501.983643,2107501.983643,0.0,29851133.108139,29851133.108139,29851133.108139,29851133.108139,0.0,64240,26847,502,MQTT_Publish
80,41839,1883,tcp,mqtt,31.909629,9,5,3,3,0.282047,0.156693,0.4387390000000001,0.555556,296,32,40,168,32,40,0,2,1,3,3,13,0,0,0,0,0.0,33.0,76.0,8.444444,13.115935999999998,0.0,23.0,32.0,6.4,9.555103,0.0,33.0,108.0,7.714286,11.618477,285.148621,29865759.849548,31909628.868103,3988703.608513,10465646.17634,3983.020782,1552412.986755,1880007.982254,470001.995564,725433.4370520002,285.148621,29865759.849548,31909628.868103,2454586.836008,8244479.462723,3.384558,3.0,1.666667,25.333333,10.666667,0.0,0.0,0.0,0.0,0.0,0.0,2043869.018555,2043869.018555,2043869.018555,2043869.018555,0.0,29865759.849548,29865759.849548,29865759.849548,29865759.849548,0.0,64240,26847,502,MQTT_Publish
81,53367,1883,tcp,mqtt,31.989669,9,5,3,3,0.281341,0.1563,0.437641,0.555556,296,32,40,168,32,40,0,2,1,3,3,13,0,0,0,0,0.0,33.0,76.0,8.444444,13.115935999999998,0.0,23.0,32.0,6.4,9.555103,0.0,33.0,108.0,7.714286,11.618477,265.12146,29714992.046356,31989669.084549,3998708.635569,10398340.106092,1601.934433,1502560.853958,2017776.966095,504444.241524,676199.054024,265.12146,29714992.046356,31989669.084549,2460743.775735,8195901.160228998,3.37609,3.0,1.666667,25.333333,10.666667,0.0,0.0,0.0,0.0,0.0,0.0,2274677.038193,2274677.038193,2274677.038193,2274677.038193,0.0,29714992.046356,29714992.046356,29714992.046356,29714992.046356,0.0,64240,26847,502,MQTT_Publish
82,60057,1883,tcp,mqtt,31.945694,9,5,3,3,0.28172800000000003,0.15651600000000002,0.438244,0.555556,296,32,40,168,32,40,0,2,1,3,3,13,0,0,0,0,0.0,33.0,76.0,8.444444,13.115935999999998,0.0,23.0,32.0,6.4,9.555103,0.0,33.0,108.0,7.714286,11.618477,409.126282,29914595.842361,31945693.969727,3993211.7462160005,10484226.09757,3799.915314,1579595.088959,1882923.126221,470730.781555,742439.693299,409.126282,29914595.842361,31945693.969727,2457361.074594,8258806.958655002,3.3807370000000003,3.0,1.666667,25.333333,10.666667,0.0,0.0,0.0,0.0,0.0,0.0,2031098.127365,2031098.127365,2031098.127365,2031098.127365,0.0,29914595.842361,29914595.842361,29914595.842361,29914595.842361,0.0,64240,26847,502,MQTT_Publish
83,51135,1883,tcp,mqtt,31.914567,9,5,3,3,0.282003,0.156668,0.438671,0.555556,296,32,40,168,32,40,0,2,1,3,3,13,0,0,0,0,0.0,33.0,76.0,8.444444,13.115935999999998,0.0,23.0,32.0,6.4,9.555103,0.0,33.0,108.0,7.714286,11.618477,236.034393,29850471.973419,31914566.993713,3989320.874214,10459699.302023,3929.138184,1589624.881744,1917240.858078,479310.21452,743959.871192,236.034393,29850471.973419,31914566.993713,2454966.6918240003,8240078.245703,3.384035,3.0,1.666667,25.333333,10.666667,0.0,0.0,0.0,0.0,0.0,0.0,2064095.020294,2064095.020294,2064095.020294,2064095.020294,0.0,29850471.973419,29850471.973419,29850471.973419,29850471.973419,0.0,64240,26847,502,MQTT_Publish
84,49325,1883,tcp,mqtt,31.869904,9,5,3,3,0.282398,0.156888,0.439286,0.555556,296,32,40,168,32,40,0,2,1,3,3,13,0,0,0,0,0.0,33.0,76.0,8.444444,13.115935999999998,0.0,23.0,32.0,6.4,9.555103,0.0,33.0,108.0,7.714286,11.618477,247.001648,29873440.980911,31869904.041290004,3983738.005161,10471716.983269,3958.940506,1574943.065643,1858073.949814,464518.487453,743044.6075619998,247.001648,29873440.980911,31869904.041290004,2451531.080099,8248367.534353,3.388777,3.0,1.666667,25.333333,10.666667,0.0,0.0,0.0,0.0,0.0,0.0,1996463.060379,1996463.060379,1996463.060379,1996463.060379,0.0,29873440.980911,29873440.980911,29873440.980911,29873440.980911,0.0,64240,26847,502,MQTT_Publish
85,52165,1883,tcp,mqtt,32.168209000000004,9,5,3,3,0.279779,0.155433,0.435212,0.555556,296,32,40,168,32,40,0,2,1,3,3,13,0,0,0,0,0.0,33.0,76.0,8.444444,13.115935999999998,0.0,23.0,32.0,6.4,9.555103,0.0,33.0,108.0,7.714286,11.618477,383.853912,29879046.916962,32168208.837509006,4021026.104689,10456212.778499,2498.865128,1542071.10405,2041429.99649,510357.499123,697511.36658,383.853912,29879046.916962,32168208.837509006,2474477.602885,8241520.55047,3.357352,3.0,1.666667,25.333333,10.666667,0.0,0.0,0.0,0.0,0.0,0.0,2289161.920547,2289161.920547,2289161.920547,2289161.920547,0.0,29879046.916962,29879046.916962,29879046.916962,29879046.916962,0.0,64240,26847,502,MQTT_Publish
86,49611,1883,tcp,mqtt,32.023608,9,5,3,3,0.281043,0.156135,0.437177,0.555556,296,32,40,168,32,40,0,2,1,3,3,13,0,0,0,0,0.0,33.0,76.0,8.444444,13.115935999999998,0.0,23.0,32.0,6.4,9.555103,0.0,33.0,108.0,7.714286,11.618477,396.966934,29942702.770233,32023607.969284,4002950.996161,10492177.577356,3453.969955,1615365.982056,1927468.061447,481867.015362,759006.8791100002,396.966934,29942702.770233,32023607.969284,2463354.459176,8265902.978289,3.3725120000000004,3.0,1.666667,25.333333,10.666667,0.0,0.0,0.0,0.0,0.0,0.0,2080905.199051,2080905.199051,2080905.199051,2080905.199051,0.0,29942702.770233,29942702.770233,29942702.770233,29942702.770233,0.0,64240,26847,502,MQTT_Publish
87,57661,1883,tcp,mqtt,31.928478,9,5,3,3,0.28188,0.1566,0.43848,0.555556,296,32,40,168,32,40,0,2,1,3,3,13,0,0,0,0,0.0,33.0,76.0,8.444444,13.115935999999998,0.0,23.0,32.0,6.4,9.555103,0.0,33.0,108.0,7.714286,11.618477,257.015228,29873227.119446,31928478.002548,3991059.750319,10467824.078889,913.858414,1557810.783386,1890051.841736,472512.960434,727689.091554,257.015228,29873227.119446,31928478.002548,2456036.769427,8246393.654353,3.38256,3.0,1.666667,25.333333,10.666667,0.0,0.0,0.0,0.0,0.0,0.0,2055250.883102,2055250.883102,2055250.883102,2055250.883102,0.0,29873227.119446,29873227.119446,29873227.119446,29873227.119446,0.0,64240,26847,502,MQTT_Publish
88,38211,1883,tcp,mqtt,32.050242,9,5,3,3,0.28080900000000003,0.156005,0.436814,0.555556,296,32,40,168,32,40,0,2,1,3,3,13,0,0,0,0,0.0,33.0,74.0,8.222222,12.852799,0.0,21.0,30.0,6.0,8.689074,0.0,33.0,104.0,7.428571000000002,11.229866,233.888626,29787023.067474,32050242.185593,4006280.273199,10424650.472472,2122.8790280000007,1513566.970825,2011708.021164,502927.005291,683658.362273,233.888626,29787023.067474,32050242.185593,2465403.245046,8216318.694988999,3.244905,3.0,1.666667,24.666667,10.0,0.0,0.0,0.0,0.0,0.0,0.0,2263219.118118,2263219.118118,2263219.118118,2263219.118118,0.0,29787023.067474,29787023.067474,29787023.067474,29787023.067474,0.0,64240,26847,502,MQTT_Publish
89,37703,1883,tcp,mqtt,31.9197,9,5,3,3,0.281958,0.156643,0.438601,0.555556,296,32,40,168,32,40,0,2,1,3,3,13,0,0,0,0,0.0,33.0,76.0,8.444444,13.115935999999998,0.0,23.0,32.0,6.4,9.555103,0.0,33.0,108.0,7.714286,11.618477,236.98806800000003,29879178.04718,31919700.145721003,3989962.518215,10470754.226631,7250.070572,1556221.008301,1880290.031433,470072.507858,727599.189916,236.98806800000003,29879178.04718,31919700.145721003,2455361.549671,8248424.173609,3.38349,3.0,1.666667,25.333333,10.666667,0.0,0.0,0.0,0.0,0.0,0.0,2040522.098541,2040522.098541,2040522.098541,2040522.098541,0.0,29879178.04718,29879178.04718,29879178.04718,29879178.04718,0.0,64240,26847,502,MQTT_Publish
90,42623,1883,tcp,mqtt,32.064946,9,5,3,3,0.28068000000000004,0.155934,0.4366140000000001,0.555556,296,32,40,168,32,40,0,2,1,3,3,13,0,0,0,0,0.0,33.0,76.0,8.444444,13.115935999999998,0.0,23.0,32.0,6.4,9.555103,0.0,33.0,108.0,7.714286,11.618477,463.962555,29789235.115051,32064946.174622,4008118.271828,10424693.646686,2349.853516,1513395.07103,2021898.031235,505474.507809,682263.1638430001,463.962555,29789235.115051,32064946.174622,2466534.321125,8216583.549819998,3.368164,3.0,1.666667,25.333333,10.666667,0.0,0.0,0.0,0.0,0.0,0.0,2275711.05957,2275711.05957,2275711.05957,2275711.05957,0.0,29789235.115051,29789235.115051,29789235.115051,29789235.115051,0.0,64240,26847,502,MQTT_Publish
91,52497,1883,tcp,mqtt,31.873346999999995,9,5,3,3,0.282368,0.156871,0.439238,0.555556,296,32,40,168,32,40,0,2,1,3,3,13,0,0,0,0,0.0,33.0,76.0,8.444444,13.115935999999998,0.0,23.0,32.0,6.4,9.555103,0.0,33.0,108.0,7.714286,11.618477,277.042389,29753172.874451,31873347.043991,3984168.380499,10422716.66957,75.10185200000002,1612772.941589,1948915.00473,487228.751183,754528.475706,75.10185200000002,29753172.874451,31873347.043991,2451795.926461,8212138.349764999,3.388411,3.0,1.666667,25.333333,10.666667,0.0,0.0,0.0,0.0,0.0,0.0,2120174.16954,2120174.16954,2120174.16954,2120174.16954,0.0,29753172.874451,29753172.874451,29753172.874451,29753172.874451,0.0,64240,26847,502,MQTT_Publish
92,42941,1883,tcp,mqtt,31.883792,9,5,3,3,0.282275,0.156819,0.439095,0.555556,296,32,40,168,32,40,0,2,1,3,3,13,0,0,0,0,0.0,33.0,76.0,8.444444,13.115935999999998,0.0,23.0,32.0,6.4,9.555103,0.0,33.0,108.0,7.714286,11.618477,231.027603,29785449.981689,31883792.161942,3985474.020243,10435402.156414,4004.955292,1612627.029419,1942604.064941,485651.0162350001,755072.936442,231.027603,29785449.981689,31883792.161942,2452599.397072,8221676.154608,3.3873010000000003,3.0,1.666667,25.333333,10.666667,0.0,0.0,0.0,0.0,0.0,0.0,2098342.180252,2098342.180252,2098342.180252,2098342.180252,0.0,29785449.981689,29785449.981689,29785449.981689,29785449.981689,0.0,64240,26847,502,MQTT_Publish
93,41893,1883,tcp,mqtt,32.210412,9,5,3,3,0.279413,0.155229,0.434642,0.555556,296,32,40,168,32,40,0,2,1,3,3,13,0,0,0,0,0.0,33.0,76.0,8.444444,13.115935999999998,0.0,23.0,32.0,6.4,9.555103,0.0,33.0,108.0,7.714286,11.618477,259.876251,29912703.990936,32210412.025452007,4026301.503181,10467098.166446,2614.974976,1504009.962082,2045675.039291,511418.759823,673663.570524,259.876251,29912703.990936,32210412.025452007,2477724.001958,8250240.678087,3.352953,3.0,1.666667,25.333333,10.666667,0.0,0.0,0.0,0.0,0.0,0.0,2297708.034515,2297708.034515,2297708.034515,2297708.034515,0.0,29912703.990936,29912703.990936,29912703.990936,29912703.990936,0.0,64240,26847,502,MQTT_Publish
94,56413,1883,tcp,mqtt,31.99698,9,5,3,3,0.281277,0.15626500000000002,0.437541,0.555556,296,32,40,168,32,40,0,2,1,3,3,13,0,0,0,0,0.0,33.0,76.0,8.444444,13.115935999999998,0.0,23.0,32.0,6.4,9.555103,0.0,33.0,108.0,7.714286,11.618477,253.915787,29696413.993835,31996979.951859,3999622.493982,10390033.141248,3662.109375,1486718.177795,2029792.070389,507448.017597,664784.5865430001,253.915787,29696413.993835,31996979.951859,2461306.150143,8189867.52628,3.375319,3.0,1.666667,25.333333,10.666667,0.0,0.0,0.0,0.0,0.0,0.0,2300565.958023,2300565.958023,2300565.958023,2300565.958023,0.0,29696413.993835,29696413.993835,29696413.993835,29696413.993835,0.0,64240,26847,502,MQTT_Publish
95,35897,1883,tcp,mqtt,31.968343,9,5,3,3,0.281529,0.156405,0.437933,0.555556,296,32,40,168,32,40,0,2,1,3,3,13,0,0,0,0,0.0,33.0,76.0,8.444444,13.115935999999998,0.0,23.0,32.0,6.4,9.555103,0.0,33.0,108.0,7.714286,11.618477,252.962112,29852793.931961,31968343.019485,3996042.877436,10458715.283632,4144.191742,1630059.0038299996,1952376.127243,488094.031811,764805.745802,252.962112,29852793.931961,31968343.019485,2459103.309191,8240266.252957,3.378342,3.0,1.666667,25.333333,10.666667,0.0,0.0,0.0,0.0,0.0,0.0,2115549.087524,2115549.087524,2115549.087524,2115549.087524,0.0,29852793.931961,29852793.931961,29852793.931961,29852793.931961,0.0,64240,26847,502,MQTT_Publish
96,46003,1883,tcp,mqtt,32.050057,9,5,3,3,0.28081100000000003,0.156006,0.436817,0.555556,296,32,40,168,32,40,0,2,1,3,3,13,0,0,0,0,0.0,33.0,76.0,8.444444,13.115935999999998,0.0,23.0,32.0,6.4,9.555103,0.0,33.0,108.0,7.714286,11.618477,256.061554,29669632.911682,32050056.934357,4006257.116795,10377109.00065,2351.045609,1528820.991516,2063161.13472,515790.28368,686694.530493,256.061554,29669632.911682,32050056.934357,2465388.994951,8181022.272869,3.369729,3.0,1.666667,25.333333,10.666667,0.0,0.0,0.0,0.0,0.0,0.0,2380424.022675,2380424.022675,2380424.022675,2380424.022675,0.0,29669632.911682,29669632.911682,29669632.911682,29669632.911682,0.0,64240,26847,502,MQTT_Publish
97,46167,1883,tcp,mqtt,32.075269,9,5,3,3,0.28059,0.155883,0.436473,0.555556,296,32,40,168,32,40,0,2,1,3,3,13,0,0,0,0,0.0,33.0,76.0,8.444444,13.115935999999998,0.0,23.0,32.0,6.4,9.555103,0.0,33.0,108.0,7.714286,11.618477,257.96890299999995,29780660.152435,32075268.983841,4009408.6229800005,10421150.584746,7334.947586,1547247.171402,2046276.092529,511569.023132,699550.546104,257.96890299999995,29780660.152435,32075268.983841,2467328.383372,8214121.134078999,3.36708,3.0,1.666667,25.333333,10.666667,0.0,0.0,0.0,0.0,0.0,0.0,2294608.831406,2294608.831406,2294608.831406,2294608.831406,0.0,29780660.152435,29780660.152435,29780660.152435,29780660.152435,0.0,64240,26847,502,MQTT_Publish
98,51645,1883,tcp,mqtt,31.986301,9,5,3,3,0.28137,0.156317,0.437687,0.555556,296,32,40,168,32,40,0,2,1,3,3,13,0,0,0,0,0.0,33.0,76.0,8.444444,13.115935999999998,0.0,23.0,32.0,6.4,9.555103,0.0,33.0,108.0,7.714286,11.618477,238.180161,29889162.063599,31986300.945282,3998287.61816,10472432.967238,3957.986832,1636410.951614,1944864.988327,486216.247082,769976.308937,238.180161,29889162.063599,31986300.945282,2460484.688099,8250659.222783,3.376445,3.0,1.666667,25.333333,10.666667,0.0,0.0,0.0,0.0,0.0,0.0,2097138.881683,2097138.881683,2097138.881683,2097138.881683,0.0,29889162.063599,29889162.063599,29889162.063599,29889162.063599,0.0,64240,26847,502,MQTT_Publish
99,40563,1883,tcp,mqtt,31.995946000000004,9,5,3,3,0.28128600000000004,0.15627,0.437555,0.555556,296,32,40,168,32,40,0,2,1,3,3,13,0,0,0,0,0.0,33.0,76.0,8.444444,13.115935999999998,0.0,23.0,32.0,6.4,9.555103,0.0,33.0,108.0,7.714286,11.618477,668.048859,29791167.020798,31995945.930481,3999493.24131,10428620.13916,3221.988678,1473639.011383,1961488.008499,490372.002125,665131.075153,668.048859,29791167.020798,31995945.930481,2461226.610037,8218413.039299001,3.375428,3.0,1.666667,25.333333,10.666667,0.0,0.0,0.0,0.0,0.0,0.0,2204778.9096830003,2204778.9096830003,2204778.9096830003,2204778.9096830003,0.0,29791167.020798,29791167.020798,29791167.020798,29791167.020798,0.0,64240,26847,502,MQTT_Publish
